{
  "tracker_broadcast": {
    "type": "array",
    "dropshadow": true,
    "margin": "10",
    "content": [
      {
        "type": "array",
        "orientation": "vertical",
        "content": [
          {
            "type": "itemgrid",
            "h_alignment": "center",
            "item_margin": "4,5",
            "rows": [
              ["progsword", "dagger", "staff", "orb", "gun", "dash", "light"],
              ["mask", "pray", "cross", "icerod", "soul", "wishes", "oldkey"],
              ["key", "vaultkey", "red", "green", "blue", "ding", "dong"]
            ]
          }
        ]
      }
    ]
  }
}
