{
    "shared_item_grid": {
        "type":"array",
        "orientation": "horizontal",
        "content": [
            {
                "type": "itemgrid",
                "h_alignment": "center",
				"margin": "-1,0,-5,0",
                "item_margin": "1,2",
				"item_size": 40,
                "rows": [
					["healshard", "heal", "red", "green", "blue", "oldkey", "key"],
                    ["shield", "light", "dash", "vaultkey", "slot", "manual", "soul"],
					["dynamite", "firebomb", "icebomb", "lure", "effigy", "wishes", "mask"],
					["progsword", "dagger", "icerod", "staff", "orb", "gun", "hourglass"],
					["attrelic", "defrelic", "hprelic", "potionrelic", "sprelic", "mprelic","hexquest"],
					["pray","cross","dath","goldenpower","justawell","ding", "dong"],
					["captain", "gknight", "engine", "librarian", "scavboss", "gauntlet", "heir"]
                ]
            }
		]
    }
}
